Ngày,Lần cuối,Mở,Cao,Thấp,KL,% Thay đổi
31/12/2024,"350,000.00","364,500.00","366,500.00","350,000.00",1.40K,-3.71%
30/12/2024,"363,500.00","363,500.00","363,600.00","363,500.00",0.66K,-0.16%
27/12/2024,"364,100.00","370,000.00","370,000.00","363,800.00",0.99K,-0.93%
26/12/2024,"367,500.00","370,000.00","373,000.00","363,900.00",3.84K,0.38%
25/12/2024,"366,100.00","361,600.00","366,100.00","361,600.00",0.48K,0.77%
24/12/2024,"363,300.00","363,400.00","366,000.00","363,100.00",2.31K,0.08%
23/12/2024,"363,000.00","370,500.00","370,500.00","360,000.00",3.83K,-1.89%
20/12/2024,"370,000.00","371,000.00","378,900.00","370,000.00",4.67K,0.00%
19/12/2024,"370,000.00","371,500.00","371,500.00","370,000.00",0.76K,-0.80%
18/12/2024,"373,000.00","373,000.00","375,000.00","372,500.00",0.62K,-0.27%
17/12/2024,"374,000.00","375,000.00","381,000.00","366,000.00",0.74K,-0.80%
16/12/2024,"377,000.00","380,000.00","380,000.00","376,000.00",0.44K,-0.79%
13/12/2024,"380,000.00","382,000.00","382,000.00","380,000.00",1.95K,-1.04%
12/12/2024,"384,000.00","384,000.00","386,000.00","384,000.00",1.17K,0.26%
11/12/2024,"383,000.00","384,000.00","386,000.00","381,100.00",0.95K,0.52%
10/12/2024,"381,000.00","385,000.00","389,900.00","379,000.00",0.94K,-0.52%
9/12/2024,"383,000.00","385,400.00","385,400.00","383,000.00",1.39K,0.13%
6/12/2024,"382,500.00","385,000.00","392,000.00","382,000.00",2.84K,-1.42%
5/12/2024,"388,000.00","389,000.00","390,000.00","380,000.00",2.77K,2.11%
4/12/2024,"380,000.00","371,800.00","380,000.00","371,800.00",2.14K,2.37%
3/12/2024,"371,200.00","376,500.00","376,500.00","371,000.00",0.86K,0.32%
2/12/2024,"370,000.00","365,000.00","394,900.00","360,100.00",2.44K,1.37%
29/11/2024,"365,000.00","369,900.00","375,000.00","362,200.00",2.32K,-1.32%
28/11/2024,"369,900.00","370,000.00","370,000.00","369,900.00",0.57K,2.15%
27/11/2024,"362,100.00","362,500.00","362,500.00","362,100.00",0.44K,-1.23%
26/11/2024,"366,600.00","370,000.00","375,000.00","366,600.00",2.62K,-0.65%
25/11/2024,"369,000.00","365,000.00","369,000.00","365,000.00",1.01K,1.10%
22/11/2024,"365,000.00","360,000.00","365,000.00","360,000.00",0.75K,0.00%
21/11/2024,"365,000.00","357,000.00","372,000.00","357,000.00",1.00K,1.39%
20/11/2024,"360,000.00","359,900.00","365,000.00","340,000.00",8.48K,0.00%
19/11/2024,"360,000.00","366,000.00","380,000.00","356,000.00",2.57K,0.00%
18/11/2024,"360,000.00","368,100.00","369,000.00","360,000.00",4.31K,-2.20%
15/11/2024,"368,100.00","370,000.00","377,900.00","368,100.00",3.17K,-3.13%
14/11/2024,"380,000.00","380,000.00","380,000.00","375,000.00",4.85K,-0.55%
13/11/2024,"382,100.00","387,000.00","387,000.00","381,200.00",2.08K,-1.52%
12/11/2024,"388,000.00","390,500.00","392,000.00","388,000.00",1.52K,0.52%
11/11/2024,"386,000.00","393,900.00","394,000.00","386,000.00",2.15K,-1.03%
8/11/2024,"390,000.00","390,000.00","394,900.00","388,000.00",1.76K,0.00%
7/11/2024,"390,000.00","397,300.00","397,300.00","390,000.00",1.56K,-1.81%
6/11/2024,"397,200.00","399,500.00","399,500.00","397,200.00",3.91K,0.56%
5/11/2024,"395,000.00","399,700.00","400,000.00","395,000.00",3.01K,-1.25%
4/11/2024,"400,000.00","400,000.00","400,000.00","398,100.00",2.28K,-0.37%
1/11/2024,"401,500.00","407,000.00","408,000.00","401,500.00",1.29K,-0.62%
31/10/2024,"404,000.00","400,000.00","404,900.00","399,000.00",4.59K,1.00%
30/10/2024,"400,000.00","404,100.00","405,000.00","400,000.00",3.08K,-0.50%
29/10/2024,"402,000.00","399,900.00","409,500.00","399,900.00",0.88K,-3.13%
28/10/2024,"415,000.00","415,000.00","415,000.00","415,000.00",0.16K,1.97%
25/10/2024,"407,000.00","405,000.00","410,000.00","400,000.00",1.87K,-0.73%
24/10/2024,"410,000.00","414,500.00","414,500.00","407,000.00",2.92K,0.81%
23/10/2024,"406,700.00","412,000.00","412,000.00","406,600.00",1.07K,0.22%
22/10/2024,"405,800.00","408,200.00","408,200.00","405,800.00",2.47K,-1.02%
21/10/2024,"410,000.00","411,000.00","411,000.00","408,200.00",3.83K,0.56%
18/10/2024,"407,700.00","410,100.00","413,000.00","407,700.00",2.07K,-0.56%
17/10/2024,"410,000.00","405,200.00","410,000.00","405,200.00",2.52K,1.99%
16/10/2024,"402,000.00","415,000.00","415,000.00","402,000.00",0.64K,-2.92%
15/10/2024,"414,100.00","415,600.00","415,600.00","410,500.00",1.84K,0.02%
14/10/2024,"414,000.00","430,000.00","430,000.00","413,500.00",1.55K,-1.43%
11/10/2024,"420,000.00","422,000.00","422,000.00","420,000.00",1.44K,0.00%
10/10/2024,"420,000.00","419,000.00","430,800.00","415,000.00",1.05K,1.94%
9/10/2024,"412,000.00","415,000.00","431,000.00","408,100.00",3.47K,1.48%
8/10/2024,"406,000.00","405,000.00","415,500.00","405,000.00",1.06K,0.25%
7/10/2024,"405,000.00","400,000.00","409,000.00","400,000.00",1.75K,1.20%
4/10/2024,"400,200.00","421,500.00","421,500.00","380,000.00",3.74K,-4.71%
3/10/2024,"420,000.00","422,000.00","422,000.00","420,000.00",1.07K,-1.52%
2/10/2024,"426,500.00","426,500.00","426,500.00","426,400.00",0.65K,-0.81%
1/10/2024,"430,000.00","430,200.00","430,200.00","427,100.00",2.97K,0.00%
30/09/2024,"430,000.00","440,000.00","440,000.00","425,100.00",5.35K,-2.16%
27/09/2024,"439,500.00","448,000.00","448,000.00","439,500.00",2.19K,-0.45%
26/09/2024,"441,500.00","460,000.00","460,000.00","440,200.00",4.67K,-4.02%
25/09/2024,"460,000.00","440,000.00","466,000.00","440,000.00",11.05K,4.55%
24/09/2024,"440,000.00","426,000.00","469,900.00","419,000.00",19.37K,7.32%
23/09/2024,"410,000.00","414,000.00","414,000.00","409,000.00",3.73K,-0.73%
20/09/2024,"413,000.00","406,000.00","420,000.00","405,000.00",8.45K,-1.67%
19/09/2024,"420,000.00","380,000.00","440,000.00","380,000.00",14.63K,7.69%
18/09/2024,"390,000.00","390,000.00","398,000.00","381,000.00",7.03K,0.00%
17/09/2024,"390,000.00","371,000.00","390,000.00","365,000.00",7.80K,5.32%
16/09/2024,"370,300.00","418,000.00","418,000.00","370,300.00",34.19K,-11.43%
13/09/2024,"418,100.00","430,000.00","461,500.00","400,000.00",20.97K,2.08%
12/9/2024,"409,600.00","408,000.00","409,600.00","408,000.00",15.74K,5.35%
11/9/2024,"388,800.00","291,000.00","388,800.00","289,100.00",25.53K,16.23%
10/9/2024,"334,500.00","390,000.00","390,000.00","334,500.00",35.69K,-14.78%
9/9/2024,"392,500.00","460,000.00","460,000.00","392,200.00",27.93K,-18.23%
6/9/2024,"480,000.00","520,000.00","520,000.00","437,800.00",16.35K,-6.80%
5/9/2024,"515,000.00","515,000.00","515,000.00","515,000.00",0.18K,-0.96%
4/9/2024,"520,000.00","515,000.00","520,000.00","511,000.00",0.41K,0.97%
30/08/2024,"515,000.00","515,000.00","520,000.00","515,000.00",0.73K,-3.20%
29/08/2024,"532,000.00","520,000.00","532,000.00","520,000.00",0.80K,1.33%
28/08/2024,"525,000.00","518,000.00","525,000.00","518,000.00",1.33K,0.96%
27/08/2024,"520,000.00","520,000.00","520,000.00","520,000.00",0.10K,0.00%
26/08/2024,"520,000.00","520,000.00","520,000.00","520,000.00",0.11K,-0.19%
22/08/2024,"521,000.00","520,000.00","521,000.00","520,000.00",0.42K,-0.76%
21/08/2024,"525,000.00","523,000.00","525,000.00","523,000.00",0.35K,0.96%
20/08/2024,"520,000.00","520,000.00","520,000.00","520,000.00",0.41K,-1.33%
19/08/2024,"527,000.00","527,000.00","527,000.00","527,000.00",0.30K,-0.57%
16/08/2024,"530,000.00","512,000.00","530,000.00","510,000.00",0.90K,3.92%
15/08/2024,"510,000.00","507,000.00","510,000.00","506,000.00",0.68K,-0.39%
14/08/2024,"512,000.00","512,100.00","512,100.00","512,000.00",0.56K,-1.54%
12/8/2024,"520,000.00","517,000.00","520,000.00","515,000.00",0.72K,0.00%
9/8/2024,"520,000.00","515,500.00","520,000.00","515,500.00",0.31K,1.56%
7/8/2024,"512,000.00","525,000.00","525,000.00","512,000.00",2.16K,-1.54%
6/8/2024,"520,000.00","532,100.00","532,100.00","520,000.00",1.27K,0.39%
5/8/2024,"518,000.00","538,500.00","544,900.00","518,000.00",5.62K,-3.82%
2/8/2024,"538,600.00","545,000.00","550,000.00","537,000.00",1.62K,-2.07%
1/8/2024,"550,000.00","550,000.00","550,000.00","540,000.00",1.16K,0.92%
31/07/2024,"545,000.00","589,100.00","591,000.00","540,000.00",0.53K,-5.87%
30/07/2024,"579,000.00","579,000.00","579,000.00","579,000.00",0.23K,-1.03%
29/07/2024,"585,000.00","598,300.00","598,300.00","540,600.00",0.54K,5.41%
26/07/2024,"555,000.00","545,000.00","555,000.00","545,000.00",1.62K,2.02%
25/07/2024,"544,000.00","544,000.00","544,000.00","544,000.00",0.25K,0.37%
24/07/2024,"542,000.00","546,000.00","546,000.00","541,000.00",0.72K,-0.84%
23/07/2024,"546,600.00","546,600.00","546,600.00","546,600.00",1.17K,-0.62%
22/07/2024,"550,000.00","546,100.00","550,000.00","546,100.00",0.84K,0.00%
19/07/2024,"550,000.00","550,100.00","550,100.00","550,000.00",0.71K,-0.02%
18/07/2024,"550,100.00","550,100.00","550,100.00","550,100.00",0.14K,-0.88%
17/07/2024,"555,000.00","560,000.00","568,000.00","555,000.00",0.99K,-0.89%
16/07/2024,"560,000.00","550,000.00","560,000.00","546,100.00",0.60K,-2.46%
12/7/2024,"574,100.00","585,900.00","585,900.00","574,100.00",1.33K,-0.17%
11/7/2024,"575,100.00","561,200.00","580,000.00","561,200.00",0.47K,-2.53%
10/7/2024,"590,000.00","590,000.00","590,000.00","590,000.00",0.35K,-3.12%
9/7/2024,"609,000.00","569,900.00","620,000.00","569,900.00",1.57K,6.84%
8/7/2024,"570,000.00","569,900.00","570,000.00","569,900.00",0.35K,3.07%
5/7/2024,"553,000.00","566,100.00","566,100.00","550,000.00",2.13K,-2.56%
4/7/2024,"567,500.00","580,000.00","580,000.00","567,000.00",0.37K,-3.14%
3/7/2024,"585,900.00","585,900.00","585,900.00","585,900.00",0.23K,2.81%
2/7/2024,"569,900.00","578,000.00","578,000.00","569,900.00",0.48K,-0.89%
1/7/2024,"575,000.00","576,100.00","578,000.00","570,000.00",2.13K,-0.19%
28/06/2024,"576,100.00","586,000.00","586,000.00","576,100.00",0.76K,-2.27%
27/06/2024,"589,500.00","590,000.00","590,000.00","589,400.00",3.53K,-0.08%
26/06/2024,"590,000.00","592,000.00","592,000.00","588,000.00",1.98K,0.17%
25/06/2024,"589,000.00","602,000.00","610,000.00","585,100.00",0.99K,-2.18%
24/06/2024,"602,100.00","630,000.00","630,000.00","602,100.00",1.18K,0.35%
21/06/2024,"600,000.00","600,000.00","615,000.00","597,500.00",8.50K,-0.33%
20/06/2024,"602,000.00","580,000.00","602,000.00","580,000.00",8.63K,3.79%
19/06/2024,"580,000.00","588,000.00","588,000.00","580,000.00",1.21K,-0.85%
18/06/2024,"585,000.00","580,000.00","585,000.00","580,000.00",0.47K,0.00%
17/06/2024,"585,000.00","581,100.00","585,000.00","580,000.00",3.24K,-0.85%
14/06/2024,"590,000.00","557,000.00","590,000.00","557,000.00",4.00K,1.72%
12/6/2024,"580,000.00","535,500.00","580,000.00","535,500.00",5.46K,6.38%
11/6/2024,"545,200.00","560,000.00","560,000.00","545,200.00",0.73K,-1.77%
10/6/2024,"555,000.00","559,000.00","560,800.00","554,000.00",1.70K,0.91%
7/6/2024,"550,000.00","540,000.00","550,000.00","535,100.00",0.91K,-0.11%
6/6/2024,"550,600.00","557,000.00","569,000.00","550,600.00",2.34K,1.40%
5/6/2024,"543,000.00","551,300.00","570,000.00","543,000.00",1.05K,-1.99%
4/6/2024,"554,000.00","529,900.00","556,000.00","529,900.00",2.51K,3.17%
3/6/2024,"537,000.00","521,000.00","537,000.00","517,500.00",0.95K,4.17%
31/05/2024,"515,500.00","523,900.00","523,900.00","515,500.00",1.31K,-3.28%
30/05/2024,"533,000.00","522,000.00","533,000.00","522,000.00",1.03K,1.72%
29/05/2024,"524,000.00","530,000.00","530,000.00","524,000.00",1.24K,-1.13%
28/05/2024,"530,000.00","521,000.00","530,000.00","521,000.00",0.47K,-0.93%
27/05/2024,"535,000.00","535,500.00","540,100.00","535,000.00",0.89K,4.49%
24/05/2024,"512,000.00","514,100.00","514,100.00","512,000.00",1.15K,-0.39%
23/05/2024,"514,000.00","512,500.00","515,100.00","512,500.00",0.62K,-1.53%
22/05/2024,"522,000.00","522,000.00","522,100.00","520,200.00",1.63K,0.77%
21/05/2024,"518,000.00","532,000.00","532,000.00","518,000.00",1.88K,-3.36%
20/05/2024,"536,000.00","540,200.00","545,000.00","536,000.00",3.19K,-0.76%
17/05/2024,"540,100.00","569,000.00","569,000.00","535,000.00",1.38K,-5.11%
16/05/2024,"569,200.00","599,000.00","599,000.00","569,100.00",7.95K,3.87%
15/05/2024,"548,000.00","555,000.00","555,000.00","531,200.00",2.15K,-2.32%
14/05/2024,"561,000.00","569,000.00","599,000.00","561,000.00",4.54K,0.18%
13/05/2024,"560,000.00","518,000.00","579,400.00","518,000.00",9.37K,3.70%
10/5/2024,"540,000.00","479,000.00","545,000.00","479,000.00",2.38K,12.50%
9/5/2024,"480,000.00","473,900.00","480,000.00","473,900.00",0.87K,1.31%
8/5/2024,"473,800.00","473,700.00","473,800.00","473,600.00",0.81K,0.38%
7/5/2024,"472,000.00","476,000.00","476,000.00","472,000.00",0.58K,-0.63%
6/5/2024,"475,000.00","479,500.00","479,500.00","475,000.00",2.07K,-0.84%
2/5/2024,"479,000.00","479,000.00","479,000.00","479,000.00",0.39K,-0.21%
26/04/2024,"480,000.00","480,000.00","480,000.00","467,200.00",1.37K,0.00%
25/04/2024,"480,000.00","475,000.00","480,000.00","475,000.00",1.37K,3.78%
24/04/2024,"462,500.00","487,000.00","487,500.00","461,000.00",1.84K,1.65%
23/04/2024,"455,000.00","465,000.00","465,000.00","455,000.00",0.73K,-1.52%
22/04/2024,"462,000.00","470,000.00","470,000.00","462,000.00",0.97K,0.43%
19/04/2024,"460,000.00","455,000.00","480,000.00","455,000.00",0.77K,-4.17%
16/04/2024,"480,000.00","500,000.00","500,000.00","480,000.00",0.70K,2.56%
15/04/2024,"468,000.00","480,000.00","480,000.00","468,000.00",1.57K,-2.50%
12/4/2024,"480,000.00","480,000.00","480,000.00","480,000.00",0.17K,-1.82%
11/4/2024,"488,900.00","486,000.00","488,900.00","460,000.00",7.66K,0.60%
10/4/2024,"486,000.00","490,000.00","490,000.00","486,000.00",0.80K,-0.82%
9/4/2024,"490,000.00","495,000.00","495,000.00","487,000.00",3.25K,-1.21%
8/4/2024,"496,000.00","492,000.00","496,000.00","491,500.00",0.98K,-0.20%
5/4/2024,"497,000.00","500,200.00","500,200.00","491,000.00",0.63K,-0.64%
4/4/2024,"500,200.00","495,000.00","500,500.00","495,000.00",5.52K,2.08%
3/4/2024,"490,000.00","516,800.00","516,800.00","490,000.00",8.28K,-3.92%
2/4/2024,"510,000.00","515,000.00","517,200.00","510,000.00",2.17K,-1.92%
1/4/2024,"520,000.00","511,200.00","520,000.00","511,200.00",2.79K,0.78%
29/03/2024,"516,000.00","530,000.00","530,000.00","515,000.00",3.70K,-2.64%
28/03/2024,"530,000.00","523,000.00","538,000.00","523,000.00",0.70K,-0.95%
27/03/2024,"535,100.00","545,000.00","550,000.00","535,100.00",1.29K,-1.09%
26/03/2024,"541,000.00","541,500.00","541,500.00","540,000.00",1.19K,-0.09%
25/03/2024,"541,500.00","541,500.00","541,500.00","541,500.00",0.68K,0.09%
22/03/2024,"541,000.00","525,000.00","601,900.00","525,000.00",9.38K,3.82%
21/03/2024,"521,100.00","526,000.00","529,000.00","520,000.00",5.15K,-2.21%
20/03/2024,"532,900.00","545,000.00","545,000.00","511,000.00",6.04K,-2.22%
19/03/2024,"545,000.00","548,000.00","555,000.00","541,000.00",3.31K,-0.46%
18/03/2024,"547,500.00","560,000.00","560,000.00","547,500.00",4.58K,-2.06%
15/03/2024,"559,000.00","565,000.00","565,000.00","558,000.00",2.86K,-1.04%
14/03/2024,"564,900.00","557,200.00","570,000.00","557,000.00",5.16K,0.52%
13/03/2024,"562,000.00","572,000.00","572,000.00","560,000.00",7.48K,-1.75%
12/3/2024,"572,000.00","579,900.00","580,000.00","572,000.00",4.67K,-0.52%
11/3/2024,"575,000.00","580,000.00","580,000.00","575,000.00",3.21K,-0.86%
8/3/2024,"580,000.00","580,100.00","580,100.00","576,000.00",2.47K,-1.69%
7/3/2024,"590,000.00","588,000.00","590,000.00","584,000.00",2.00K,1.72%
6/3/2024,"580,000.00","585,000.00","590,200.00","580,000.00",1.14K,-0.22%
5/3/2024,"581,300.00","599,000.00","599,000.00","581,300.00",0.33K,0.22%
4/3/2024,"580,000.00","590,000.00","590,000.00","580,000.00",1.85K,-3.33%
1/3/2024,"600,000.00","595,000.00","600,000.00","595,000.00",0.67K,0.00%
29/02/2024,"600,000.00","598,000.00","600,000.00","590,000.00",5.64K,2.56%
28/02/2024,"585,000.00","590,000.00","599,000.00","585,000.00",0.80K,-0.85%
27/02/2024,"590,000.00","590,000.00","590,000.00","590,000.00",2.25K,0.00%
26/02/2024,"590,000.00","600,000.00","600,000.00","578,100.00",1.39K,-1.67%
23/02/2024,"600,000.00","584,000.00","600,000.00","560,000.00",3.90K,0.00%
22/02/2024,"600,000.00","590,100.00","600,000.00","590,100.00",0.61K,-0.17%
21/02/2024,"601,000.00","581,000.00","601,000.00","555,000.00",4.49K,-1.64%
20/02/2024,"611,000.00","600,000.00","611,000.00","594,000.00",2.52K,1.83%
19/02/2024,"600,000.00","600,000.00","600,000.00","600,000.00",1.02K,0.00%
16/02/2024,"600,000.00","600,000.00","600,000.00","599,500.00",1.55K,0.00%
15/02/2024,"600,000.00","589,000.00","601,000.00","589,000.00",2.47K,1.69%
7/2/2024,"590,000.00","589,000.00","590,000.00","589,000.00",0.23K,0.17%
6/2/2024,"589,000.00","580,000.00","589,000.00","580,000.00",1.03K,0.00%
5/2/2024,"589,000.00","589,000.00","589,000.00","570,100.00",2.47K,0.00%
2/2/2024,"589,000.00","560,100.00","589,000.00","559,000.00",1.97K,2.94%
1/2/2024,"572,200.00","580,000.00","580,000.00","572,200.00",1.22K,0.58%
31/01/2024,"568,900.00","568,100.00","568,900.00","568,100.00",0.36K,-0.19%
30/01/2024,"570,000.00","568,100.00","570,000.00","568,000.00",1.31K,0.00%
29/01/2024,"570,000.00","562,000.00","570,000.00","561,000.00",2.33K,0.00%
26/01/2024,"570,000.00","570,000.00","590,000.00","570,000.00",2.62K,-5.00%
25/01/2024,"600,000.00","600,000.00","600,000.00","600,000.00",0.17K,3.63%
24/01/2024,"579,000.00","580,000.00","580,000.00","575,000.00",1.28K,-1.86%
23/01/2024,"590,000.00","600,000.00","600,000.00","569,000.00",7.80K,-2.48%
22/01/2024,"605,000.00","591,000.00","605,000.00","590,000.00",0.91K,-0.82%
19/01/2024,"610,000.00","586,000.00","610,000.00","586,000.00",1.80K,3.21%
18/01/2024,"591,000.00","570,000.00","597,900.00","570,000.00",1.26K,0.85%
17/01/2024,"586,000.00","585,100.00","598,900.00","577,000.00",2.51K,-0.34%
16/01/2024,"588,000.00","600,000.00","610,000.00","555,000.00",5.84K,-3.76%
15/01/2024,"611,000.00","615,000.00","615,000.00","610,000.00",1.19K,-1.16%
12/1/2024,"618,200.00","618,100.00","618,200.00","618,100.00",0.48K,-0.29%
11/1/2024,"620,000.00","621,000.00","621,000.00","610,000.00",0.55K,1.47%
9/1/2024,"611,000.00","620,000.00","625,000.00","610,000.00",0.86K,-2.08%
8/1/2024,"624,000.00","670,000.00","670,000.00","600,000.00",8.51K,-8.91%
5/1/2024,"685,000.00","700,000.00","700,000.00","680,000.00",2.64K,5.38%
4/1/2024,"650,000.00","675,000.00","675,000.00","650,000.00",2.37K,-4.41%
3/1/2024,"680,000.00","669,000.00","709,000.00","652,000.00",4.09K,1.64%
2/1/2024,"669,000.00","650,000.00","710,000.00","650,000.00",1.97K,2.92%
29/12/2023,"650,000.00","666,600.00","666,600.00","568,000.00",5.37K,-2.40%
28/12/2023,"666,000.00","670,000.00","670,000.00","666,000.00",0.60K,0.76%
27/12/2023,"661,000.00","670,100.00","670,100.00","661,000.00",1.29K,-1.34%
26/12/2023,"670,000.00","685,000.00","685,000.00","670,000.00",0.95K,-1.47%
22/12/2023,"680,000.00","690,000.00","690,000.00","680,000.00",0.94K,-1.45%
21/12/2023,"690,000.00","681,000.00","699,000.00","670,000.00",1.69K,1.46%
20/12/2023,"680,100.00","690,000.00","690,800.00","680,100.00",0.65K,-1.43%
19/12/2023,"690,000.00","690,000.00","696,700.00","690,000.00",0.87K,-1.43%
18/12/2023,"700,000.00","690,000.00","700,000.00","690,000.00",0.41K,1.60%
15/12/2023,"689,000.00","690,000.00","695,000.00","689,000.00",2.05K,-0.14%
14/12/2023,"690,000.00","690,000.00","690,000.00","690,000.00",0.35K,0.00%
13/12/2023,"690,000.00","690,000.00","690,000.00","690,000.00",0.14K,0.00%
12/12/2023,"690,000.00","700,000.00","700,000.00","690,000.00",3.00K,-1.43%
11/12/2023,"700,000.00","710,000.00","715,000.00","690,000.00",2.00K,-0.70%
8/12/2023,"704,900.00","705,000.00","710,000.00","701,100.00",1.79K,0.41%
7/12/2023,"702,000.00","738,000.00","738,000.00","700,000.00",1.99K,-3.58%
6/12/2023,"728,100.00","744,000.00","744,000.00","728,000.00",0.93K,-1.61%
5/12/2023,"740,000.00","748,000.00","748,000.00","740,000.00",0.29K,0.00%
4/12/2023,"740,000.00","742,700.00","742,700.00","740,000.00",0.49K,-0.36%
1/12/2023,"742,700.00","742,700.00","742,700.00","731,000.00",1.64K,-0.31%
30/11/2023,"745,000.00","730,000.00","749,000.00","730,000.00",4.09K,1.36%
29/11/2023,"735,000.00","747,000.00","747,000.00","720,000.00",2.28K,-1.67%
28/11/2023,"747,500.00","747,500.00","747,500.00","747,500.00",0.28K,0.88%
27/11/2023,"741,000.00","750,000.00","751,000.00","725,000.00",0.97K,-0.54%
24/11/2023,"745,000.00","745,000.00","745,000.00","745,000.00",0.34K,2.05%
23/11/2023,"730,000.00","770,000.00","770,000.00","730,000.00",1.77K,-3.95%
22/11/2023,"760,000.00","762,000.00","762,000.00","760,000.00",0.38K,-2.56%
20/11/2023,"780,000.00","779,000.00","780,000.00","779,000.00",0.42K,0.14%
17/11/2023,"778,900.00","778,900.00","778,900.00","778,900.00",0.20K,2.49%
16/11/2023,"760,000.00","770,000.00","770,000.00","760,000.00",1.05K,-0.65%
15/11/2023,"765,000.00","780,000.00","780,000.00","765,000.00",0.61K,-3.16%
14/11/2023,"790,000.00","790,000.00","790,000.00","790,000.00",0.16K,0.13%
9/11/2023,"789,000.00","785,000.00","790,000.00","785,000.00",0.68K,1.15%
8/11/2023,"780,000.00","780,000.00","780,000.00","780,000.00",0.32K,-0.13%
7/11/2023,"781,000.00","780,000.00","790,000.00","780,000.00",0.68K,-1.14%
6/11/2023,"790,000.00","780,000.00","790,000.00","780,000.00",1.45K,-1.13%
3/11/2023,"799,000.00","800,000.00","800,000.00","795,000.00",0.58K,-0.13%
2/11/2023,"800,000.00","800,000.00","800,100.00","800,000.00",1.98K,-0.50%
1/11/2023,"804,000.00","780,000.00","804,000.00","768,000.00",0.43K,4.28%
27/10/2023,"771,000.00","780,000.00","790,000.00","750,000.00",1.74K,-3.87%
24/10/2023,"802,000.00","802,000.00","802,000.00","802,000.00",0.35K,-2.20%
23/10/2023,"820,000.00","800,000.00","820,000.00","800,000.00",1.91K,2.50%
20/10/2023,"800,000.00","805,000.00","805,000.00","800,000.00",0.46K,-0.53%
19/10/2023,"804,300.00","804,300.00","804,300.00","804,300.00",0.45K,1.55%
18/10/2023,"792,000.00","800,000.00","819,500.00","792,000.00",2.04K,-1.37%
17/10/2023,"803,000.00","780,000.00","816,000.00","780,000.00",0.70K,-0.86%
16/10/2023,"810,000.00","810,000.00","810,000.00","810,000.00",0.66K,2.53%
13/10/2023,"790,000.00","810,000.00","828,900.00","790,000.00",2.10K,-6.93%
12/10/2023,"848,800.00","848,800.00","848,800.00","848,800.00",0.41K,4.02%
11/10/2023,"816,000.00","805,000.00","937,400.00","805,000.00",5.55K,-0.31%
10/10/2023,"818,500.00","800,000.00","819,000.00","800,000.00",1.27K,1.43%
9/10/2023,"807,000.00","800,000.00","807,900.00","800,000.00",0.84K,-0.36%
6/10/2023,"809,900.00","790,000.00","819,900.00","790,000.00",1.16K,1.11%
5/10/2023,"801,000.00","840,000.00","840,000.00","801,000.00",0.70K,1.39%
4/10/2023,"790,000.00","834,800.00","834,800.00","790,000.00",1.62K,1.02%
3/10/2023,"782,000.00","780,000.00","805,000.00","780,000.00",2.23K,-1.01%
2/10/2023,"790,000.00","809,000.00","818,900.00","790,000.00",3.18K,-2.47%
29/09/2023,"810,000.00","808,000.00","829,900.00","808,000.00",0.33K,0.14%
28/09/2023,"808,900.00","800,100.00","818,000.00","790,000.00",2.78K,0.85%
27/09/2023,"802,100.00","811,000.00","811,000.00","802,100.00",0.43K,-6.48%
26/09/2023,"857,700.00","800,100.00","859,900.00","800,100.00",0.55K,0.91%
25/09/2023,"850,000.00","897,900.00","897,900.00","840,000.00",1.66K,1.80%
22/09/2023,"835,000.00","870,000.00","899,000.00","820,000.00",6.49K,-7.94%
21/09/2023,"907,000.00","940,000.00","940,000.00","833,800.00",3.11K,-6.68%
20/09/2023,"971,900.00","1,121,000.00","1,130,000.00","971,900.00",8.76K,-14.82%
19/09/2023,"1,141,000.00","1,149,000.00","1,149,000.00","1,140,000.00",0.61K,-0.78%
18/09/2023,"1,150,000.00","1,150,000.00","1,160,000.00","1,130,000.00",1.42K,-0.09%
15/09/2023,"1,151,000.00","1,165,000.00","1,166,000.00","1,151,000.00",1.17K,0.52%
14/09/2023,"1,145,000.00","1,170,000.00","1,170,000.00","1,145,000.00",0.52K,0.44%
13/09/2023,"1,140,000.00","1,135,000.00","1,140,000.00","1,129,000.00",3.52K,-0.78%
12/9/2023,"1,149,000.00","1,121,000.00","1,149,000.00","1,121,000.00",0.29K,0.79%
11/9/2023,"1,140,000.00","1,160,100.00","1,179,900.00","1,060,000.00",2.82K,-2.73%
8/9/2023,"1,172,000.00","1,140,000.00","1,174,000.00","1,140,000.00",3.47K,1.03%
7/9/2023,"1,160,000.00","1,150,000.00","1,219,900.00","1,150,000.00",1.46K,1.75%
6/9/2023,"1,140,000.00","1,246,800.00","1,250,000.00","1,130,100.00",4.07K,-8.73%
5/9/2023,"1,249,000.00","1,250,000.00","1,258,000.00","1,239,000.00",3.23K,0.00%
31/08/2023,"1,249,000.00","1,276,000.00","1,276,000.00","1,233,000.00",4.15K,0.73%
30/08/2023,"1,240,000.00","1,210,000.00","1,249,000.00","1,210,000.00",1.35K,0.16%
29/08/2023,"1,238,000.00","1,212,000.00","1,240,000.00","1,200,000.00",2.64K,3.17%
28/08/2023,"1,200,000.00","1,250,000.00","1,250,000.00","1,200,000.00",1.41K,-3.30%
25/08/2023,"1,241,000.00","1,279,000.00","1,279,000.00","1,241,000.00",1.75K,0.08%
24/08/2023,"1,240,000.00","1,200,000.00","1,269,000.00","1,200,000.00",5.04K,10.71%
23/08/2023,"1,120,000.00","1,110,000.00","1,120,000.00","1,065,000.00",4.96K,-1.32%
22/08/2023,"1,135,000.00","1,139,000.00","1,150,000.00","1,091,000.00",2.28K,-0.35%
21/08/2023,"1,139,000.00","1,100,000.00","1,199,000.00","1,095,000.00",2.14K,3.64%
18/08/2023,"1,099,000.00","1,099,000.00","1,100,000.00","1,070,000.00",5.94K,3.58%
17/08/2023,"1,061,000.00","1,052,000.00","1,080,800.00","1,052,000.00",2.02K,-3.55%
16/08/2023,"1,100,000.00","1,040,000.00","1,100,000.00","1,015,000.00",2.14K,4.27%
15/08/2023,"1,055,000.00","1,035,000.00","1,162,300.00","1,000,100.00",2.14K,-0.47%
14/08/2023,"1,060,000.00","1,226,000.00","1,227,000.00","1,032,000.00",5.99K,-0.93%
11/8/2023,"1,069,900.00","1,050,000.00","1,069,900.00","1,011,000.00",10.38K,13.77%
10/8/2023,"940,400.00","880,000.00","940,400.00","880,000.00",10.51K,10.64%
9/8/2023,"850,000.00","795,000.00","850,000.00","795,000.00",7.56K,11.11%
8/8/2023,"765,000.00","749,000.00","785,000.00","749,000.00",4.01K,3.38%
7/8/2023,"740,000.00","741,000.00","741,000.00","740,000.00",0.72K,0.00%
4/8/2023,"740,000.00","741,000.00","741,000.00","740,000.00",0.31K,1.23%
3/8/2023,"731,000.00","731,000.00","731,000.00","731,000.00",0.10K,4.43%
2/8/2023,"700,000.00","735,000.00","735,000.00","700,000.00",1.42K,-6.67%
1/8/2023,"750,000.00","750,000.00","750,000.00","750,000.00",0.13K,-1.32%
31/07/2023,"760,000.00","745,000.00","760,000.00","745,000.00",1.74K,2.84%
28/07/2023,"739,000.00","739,000.00","739,000.00","738,000.00",0.61K,1.09%
27/07/2023,"731,000.00","740,000.00","740,000.00","731,000.00",0.90K,-0.54%
26/07/2023,"735,000.00","735,000.00","735,000.00","735,000.00",0.12K,-0.68%
25/07/2023,"740,000.00","735,000.00","740,000.00","731,000.00",1.60K,0.14%
24/07/2023,"739,000.00","740,000.00","741,000.00","737,000.00",0.62K,0.96%
20/07/2023,"732,000.00","745,000.00","745,000.00","732,000.00",0.50K,0.14%
19/07/2023,"731,000.00","731,000.00","731,000.00","731,000.00",0.13K,-0.54%
18/07/2023,"735,000.00","726,400.00","735,000.00","726,400.00",0.90K,3.52%
17/07/2023,"710,000.00","741,000.00","741,000.00","700,000.00",1.40K,-3.92%
14/07/2023,"739,000.00","740,000.00","740,000.00","739,000.00",0.20K,-0.40%
13/07/2023,"742,000.00","740,000.00","744,000.00","739,000.00",1.46K,0.27%
12/7/2023,"740,000.00","731,000.00","750,000.00","730,000.00",1.30K,2.35%
11/7/2023,"723,000.00","723,000.00","723,000.00","723,000.00",0.10K,-2.30%
7/7/2023,"740,000.00","745,000.00","750,000.00","740,000.00",3.08K,1.37%
5/7/2023,"730,000.00","735,000.00","735,000.00","730,000.00",0.60K,-2.54%
4/7/2023,"749,000.00","740,000.00","765,000.00","740,000.00",1.80K,2.60%
3/7/2023,"730,000.00","721,000.00","730,000.00","721,000.00",0.40K,1.39%
30/06/2023,"720,000.00","715,000.00","720,000.00","715,000.00",0.37K,2.86%
28/06/2023,"700,000.00","730,000.00","730,000.00","700,000.00",0.42K,-3.58%
27/06/2023,"726,000.00","730,000.00","730,000.00","726,000.00",0.20K,-0.55%
26/06/2023,"730,000.00","730,000.00","730,000.00","730,000.00",0.33K,-1.35%
23/06/2023,"740,000.00","749,000.00","750,000.00","740,000.00",1.81K,1.37%
22/06/2023,"730,000.00","730,000.00","740,000.00","725,000.00",0.84K,0.00%
21/06/2023,"730,000.00","730,000.00","730,000.00","730,000.00",0.33K,-0.68%
20/06/2023,"735,000.00","740,000.00","740,000.00","735,000.00",0.34K,-2.65%
19/06/2023,"755,000.00","755,000.00","755,000.00","750,000.00",1.28K,0.00%
16/06/2023,"755,000.00","745,100.00","760,000.00","745,100.00",1.39K,-1.31%
15/06/2023,"765,000.00","741,000.00","765,000.00","741,000.00",1.85K,0.00%
14/06/2023,"765,000.00","740,000.00","765,000.00","740,000.00",1.75K,0.66%
13/06/2023,"760,000.00","760,000.00","760,000.00","760,000.00",0.10K,2.70%
12/6/2023,"740,000.00","750,000.00","780,000.00","740,000.00",0.92K,-5.13%
9/6/2023,"780,000.00","780,000.00","780,000.00","780,000.00",0.20K,1.30%
8/6/2023,"770,000.00","780,000.00","780,000.00","770,000.00",1.55K,2.67%
7/6/2023,"750,000.00","770,000.00","780,000.00","750,000.00",0.90K,-1.32%
6/6/2023,"760,000.00","760,000.00","760,000.00","760,000.00",0.10K,-2.44%
5/6/2023,"779,000.00","779,000.00","779,000.00","779,000.00",0.80K,0.39%
2/6/2023,"776,000.00","780,000.00","786,000.00","772,000.00",8.58K,4.86%
26/05/2023,"740,000.00","750,000.00","795,000.00","740,000.00",5.72K,0.00%
24/05/2023,"740,000.00","768,000.00","769,000.00","740,000.00",0.52K,-3.65%
23/05/2023,"768,000.00","768,000.00","768,000.00","768,000.00",0.15K,-4.00%
22/05/2023,"800,000.00","790,000.00","800,000.00","770,000.00",0.36K,1.27%
19/05/2023,"790,000.00","782,000.00","790,000.00","782,000.00",0.73K,1.28%
18/05/2023,"780,000.00","800,000.00","800,000.00","780,000.00",0.44K,0.00%
16/05/2023,"780,000.00","800,000.00","800,000.00","780,000.00",1.52K,-2.50%
15/05/2023,"800,000.00","799,000.00","800,000.00","799,000.00",0.20K,-0.12%
12/5/2023,"801,000.00","801,000.00","801,000.00","801,000.00",0.11K,4.56%
11/5/2023,"766,100.00","768,000.00","772,000.00","766,100.00",0.51K,-5.42%
10/5/2023,"810,000.00","798,000.00","813,000.00","750,000.00",0.60K,0.00%
9/5/2023,"810,000.00","800,000.00","810,000.00","800,000.00",0.24K,0.00%
8/5/2023,"810,000.00","740,000.00","810,000.00","740,000.00",2.10K,8.00%
5/5/2023,"750,000.00","732,000.00","750,000.00","730,000.00",0.31K,-5.06%
4/5/2023,"790,000.00","790,000.00","790,000.00","790,000.00",0.12K,-4.69%
28/04/2023,"828,900.00","837,000.00","838,000.00","828,900.00",0.50K,9.07%
27/04/2023,"760,000.00","760,000.00","760,000.00","760,000.00",0.10K,-8.98%
25/04/2023,"835,000.00","849,000.00","849,000.00","835,000.00",0.20K,-2.34%
24/04/2023,"855,000.00","810,000.00","855,000.00","800,000.00",2.31K,2.27%
21/04/2023,"836,000.00","836,000.00","850,000.00","836,000.00",0.51K,-1.65%
20/04/2023,"850,000.00","838,000.00","890,000.00","838,000.00",1.01K,3.91%
19/04/2023,"818,000.00","820,000.00","820,000.00","818,000.00",0.31K,-3.31%
18/04/2023,"846,000.00","800,000.00","846,000.00","800,000.00",1.83K,9.16%
17/04/2023,"775,000.00","770,000.00","775,000.00","770,000.00",0.25K,-0.64%
14/04/2023,"780,000.00","768,000.00","780,000.00","751,000.00",0.34K,-2.50%
13/04/2023,"800,000.00","670,000.00","800,000.00","670,000.00",0.51K,0.63%
12/4/2023,"795,000.00","788,000.00","795,000.00","780,000.00",0.60K,0.63%
11/4/2023,"790,000.00","788,000.00","790,000.00","788,000.00",0.22K,6.04%
10/4/2023,"745,000.00","721,000.00","745,000.00","721,000.00",0.40K,-11.31%
7/4/2023,"840,000.00","840,000.00","840,000.00","840,000.00",0.16K,1.20%
6/4/2023,"830,000.00","790,000.00","830,000.00","790,000.00",0.41K,10.67%
5/4/2023,"750,000.00","750,000.00","750,000.00","750,000.00",0.10K,0.13%
4/4/2023,"749,000.00","730,000.00","749,000.00","730,000.00",0.40K,0.40%
3/4/2023,"746,000.00","750,000.00","750,000.00","710,000.00",0.41K,-0.53%
31/03/2023,"750,000.00","744,000.00","750,000.00","744,000.00",0.30K,0.81%
30/03/2023,"744,000.00","744,000.00","744,000.00","744,000.00",0.40K,-5.57%
29/03/2023,"787,900.00","700,000.00","787,900.00","700,000.00",0.21K,13.48%
28/03/2023,"694,300.00","681,000.00","700,000.00","681,000.00",1.01K,-5.64%
27/03/2023,"735,800.00","800,000.00","805,000.00","735,700.00",3.08K,-14.94%
24/03/2023,"865,000.00","866,000.00","866,000.00","865,000.00",0.22K,-1.14%
23/03/2023,"875,000.00","880,000.00","880,000.00","875,000.00",0.51K,-1.57%
22/03/2023,"889,000.00","885,000.00","889,000.00","850,000.00",0.30K,-0.67%
21/03/2023,"895,000.00","890,000.00","895,000.00","890,000.00",0.32K,1.13%
20/03/2023,"885,000.00","890,000.00","890,000.00","885,000.00",0.35K,0.57%
17/03/2023,"880,000.00","880,000.00","880,000.00","880,000.00",0.21K,-1.12%
16/03/2023,"890,000.00","890,000.00","890,000.00","890,000.00",0.31K,-0.56%
15/03/2023,"895,000.00","888,000.00","895,000.00","888,000.00",0.22K,0.79%
14/03/2023,"888,000.00","895,000.00","895,000.00","888,000.00",0.84K,-1.33%
13/03/2023,"900,000.00","888,000.00","900,000.00","888,000.00",1.51K,0.00%
10/3/2023,"900,000.00","900,000.00","900,000.00","900,000.00",0.11K,0.00%
9/3/2023,"900,000.00","900,000.00","900,000.00","900,000.00",0.35K,-0.88%
8/3/2023,"908,000.00","908,000.00","908,000.00","908,000.00",0.15K,2.25%
7/3/2023,"888,000.00","918,000.00","918,000.00","888,000.00",0.46K,-4.00%
6/3/2023,"925,000.00","925,000.00","925,000.00","925,000.00",0.12K,2.78%
3/3/2023,"900,000.00","919,900.00","920,000.00","900,000.00",0.71K,0.00%
2/3/2023,"900,000.00","919,000.00","929,000.00","900,000.00",0.78K,0.00%
1/3/2023,"900,000.00","898,000.00","900,000.00","898,000.00",0.72K,-2.60%
28/02/2023,"924,000.00","871,000.00","924,000.00","871,000.00",0.72K,4.05%
27/02/2023,"888,000.00","888,000.00","888,000.00","880,000.00",0.58K,-0.22%
24/02/2023,"890,000.00","920,000.00","930,000.00","890,000.00",2.03K,-8.25%
23/02/2023,"970,000.00","989,900.00","989,900.00","930,000.00",1.34K,2.11%
22/02/2023,"950,000.00","930,000.00","1,065,000.00","930,000.00",2.70K,4.05%
21/02/2023,"913,000.00","900,000.00","990,000.00","889,500.00",7.26K,-12.75%
20/02/2023,"1,046,400.00","1,046,400.00","1,046,500.00","1,046,400.00",6.06K,-14.19%
17/02/2023,"1,219,500.00","1,250,000.00","1,250,000.00","1,219,500.00",1.18K,-6.19%
16/02/2023,"1,300,000.00","1,562,500.00","1,562,500.00","1,296,200.00",11.23K,-4.32%
15/02/2023,"1,358,700.00","1,358,700.00","1,358,700.00","1,358,700.00",5.58K,15.00%
14/02/2023,"1,181,500.00","1,181,500.00","1,181,500.00","1,181,500.00",5.61K,15.00%
13/02/2023,"1,027,400.00","1,027,400.00","1,027,400.00","1,027,400.00",6.24K,15.00%
10/2/2023,"893,400.00","893,400.00","893,400.00","893,400.00",0.30K,15.00%
9/2/2023,"776,900.00","776,900.00","776,900.00","776,900.00",0.10K,14.99%
8/2/2023,"675,600.00","675,600.00","675,600.00","675,600.00",0.10K,15.00%
7/2/2023,"587,500.00","587,500.00","587,500.00","587,500.00",0.10K,14.99%
6/2/2023,"510,900.00","510,900.00","510,900.00","510,900.00",0.10K,14.99%
3/2/2023,"444,300.00","444,300.00","444,300.00","444,300.00",0.10K,14.98%
2/2/2023,"386,400.00","386,400.00","386,400.00","386,400.00",0.10K,15.00%
